[
  { "timestamp": "2023-02-08T11:06:25.280Z", "orderCount": 48 },
  { "timestamp": "2023-08-26T15:14:20.188Z", "orderCount": 5 },
  { "timestamp": "2023-12-17T07:16:48.037Z", "orderCount": 70 },
  { "timestamp": "2022-10-01T02:09:11.633Z", "orderCount": 93 },
  { "timestamp": "2024-07-12T19:45:18.900Z", "orderCount": 85 },
  { "timestamp": "2023-12-26T04:13:16.050Z", "orderCount": 61 },
  { "timestamp": "2023-09-25T15:03:10.923Z", "orderCount": 53 },
  { "timestamp": "2025-01-11T13:23:48.933Z", "orderCount": 42 },
  { "timestamp": "2022-02-04T16:01:23.653Z", "orderCount": 65 },
  { "timestamp": "2023-02-26T18:24:39.338Z", "orderCount": 30 },
  { "timestamp": "2022-06-02T05:08:58.627Z", "orderCount": 45 },
  { "timestamp": "2023-08-06T22:24:08.857Z", "orderCount": 20 },
  { "timestamp": "2022-06-05T08:02:02.681Z", "orderCount": 51 },
  { "timestamp": "2024-05-08T19:02:27.881Z", "orderCount": 9 },
  { "timestamp": "2022-12-02T13:21:37.355Z", "orderCount": 66 },
  { "timestamp": "2022-05-25T04:14:53.754Z", "orderCount": 30 },
  { "timestamp": "2024-01-14T01:06:34.635Z", "orderCount": 95 },
  { "timestamp": "2022-07-21T01:29:47.706Z", "orderCount": 11 },
  { "timestamp": "2022-01-27T06:12:37.777Z", "orderCount": 46 },
  { "timestamp": "2023-11-02T12:00:27.025Z", "orderCount": 61 },
  { "timestamp": "2022-07-19T22:30:20.061Z", "orderCount": 74 },
  { "timestamp": "2023-12-15T00:16:16.951Z", "orderCount": 68 },
  { "timestamp": "2022-12-12T17:40:58.355Z", "orderCount": 51 },
  { "timestamp": "2022-09-21T12:05:21.038Z", "orderCount": 13 },
  { "timestamp": "2022-12-22T15:36:10.366Z", "orderCount": 92 },
  { "timestamp": "2023-02-15T20:24:00.290Z", "orderCount": 28 },
  { "timestamp": "2022-07-08T19:36:56.125Z", "orderCount": 96 },
  { "timestamp": "2022-06-07T00:52:05.293Z", "orderCount": 74 },
  { "timestamp": "2023-05-02T03:54:17.956Z", "orderCount": 72 },
  { "timestamp": "2022-07-26T04:26:11.912Z", "orderCount": 86 },
  { "timestamp": "2022-02-04T05:36:18.105Z", "orderCount": 60 },
  { "timestamp": "2023-02-11T00:14:37.043Z", "orderCount": 88 },
  { "timestamp": "2022-05-03T12:20:01.407Z", "orderCount": 60 },
  { "timestamp": "2022-12-19T10:07:34.010Z", "orderCount": 85 },
  { "timestamp": "2024-01-27T12:18:15.951Z", "orderCount": 38 },
  { "timestamp": "2024-06-29T01:11:26.573Z", "orderCount": 77 },
  { "timestamp": "2022-05-17T02:48:55.075Z", "orderCount": 23 },
  { "timestamp": "2024-11-15T21:19:27.576Z", "orderCount": 34 },
  { "timestamp": "2022-12-18T18:32:11.354Z", "orderCount": 48 },
  { "timestamp": "2022-01-07T12:27:51.587Z", "orderCount": 29 },
  { "timestamp": "2023-09-19T21:44:40.458Z", "orderCount": 18 },
  { "timestamp": "2024-11-07T12:21:32.577Z", "orderCount": 4 },
  { "timestamp": "2023-09-17T12:20:59.240Z", "orderCount": 68 },
  { "timestamp": "2022-05-27T20:23:33.082Z", "orderCount": 40 },
  { "timestamp": "2022-07-16T19:38:33.559Z", "orderCount": 55 },
  { "timestamp": "2023-03-19T04:58:46.135Z", "orderCount": 64 },
  { "timestamp": "2023-07-10T20:45:01.463Z", "orderCount": 69 },
  { "timestamp": "2023-08-06T03:40:30.472Z", "orderCount": 20 },
  { "timestamp": "2024-07-07T01:17:46.435Z", "orderCount": 30 },
  { "timestamp": "2025-01-15T20:33:11.946Z", "orderCount": 6 }
]
